{
  "timestamp_utc": "2026-01-04T23:43:12.625557+00:00",
  "parameters": {
    "sample_sizes": [
      30,
      50,
      75,
      100,
      150,
      200,
      300
    ],
    "target_classes": [
      "L6",
      "H6",
      "H4",
      "Ureilite",
      "H5",
      "L5",
      "LL6"
    ],
    "stat_names": [
      "cv",
      "varlog"
    ],
    "n_permutations": 150,
    "seed": 42,
    "alpha": 0.05
  },
  "results": [
    {
      "recclass": "L6",
      "full_n": 8279,
      "sample_sizes": [
        30,
        50,
        75,
        100,
        150,
        200,
        300
      ],
      "z_scores": {
        "cv": [
          -0.25408355212824085,
          -0.3727060636220343,
          -0.36146949018750457,
          -0.801814966384314,
          -0.7915520211965964,
          -1.0341252495467774,
          -0.7294223388892874
        ],
        "varlog": [
          -0.16267253318169508,
          -0.14758071774671652,
          -0.16730859458949493,
          -0.5128672676105959,
          -0.6133268694716594,
          -0.6225265386599319,
          -0.287591508367879
        ]
      },
      "p_values": {
        "cv": [
          0.84,
          0.8266666666666667,
          0.7866666666666666,
          0.48,
          0.4533333333333333,
          0.30666666666666664,
          0.5866666666666667
        ],
        "varlog": [
          0.9733333333333334,
          0.9466666666666667,
          0.9866666666666667,
          0.72,
          0.5733333333333334,
          0.5733333333333334,
          0.8133333333333334
        ]
      },
      "significant": {
        "cv": [
          false,
          false,
          false,
          false,
          false,
          false,
          false
        ],
        "varlog": [
          false,
          false,
          false,
          false,
          false,
          false,
          false
        ]
      },
      "threshold_n": {
        "cv": null,
        "varlog": null
      }
    },
    {
      "recclass": "H6",
      "full_n": 4527,
      "sample_sizes": [
        30,
        50,
        75,
        100,
        150,
        200,
        300
      ],
      "z_scores": {
        "cv": [
          -0.3400608489771178,
          -0.1840906912800007,
          -0.6843261825657854,
          -0.488047264142541,
          -0.7373166098016829,
          -0.46546919151907185,
          -0.7598372215048014
        ],
        "varlog": [
          0.024843507278241632,
          -0.2922794371478152,
          -0.3960082199977703,
          -0.4491494173785654,
          -0.4262637661134976,
          -0.2557161863081511,
          -0.4537569709395426
        ]
      },
      "p_values": {
        "cv": [
          0.76,
          0.96,
          0.5733333333333334,
          0.7466666666666667,
          0.52,
          0.76,
          0.5733333333333334
        ],
        "varlog": [
          0.9333333333333333,
          0.8666666666666667,
          0.8133333333333334,
          0.7466666666666667,
          0.72,
          0.84,
          0.6533333333333333
        ]
      },
      "significant": {
        "cv": [
          false,
          false,
          false,
          false,
          false,
          false,
          false
        ],
        "varlog": [
          false,
          false,
          false,
          false,
          false,
          false,
          false
        ]
      },
      "threshold_n": {
        "cv": null,
        "varlog": null
      }
    },
    {
      "recclass": "H4",
      "full_n": 4211,
      "sample_sizes": [
        30,
        50,
        75,
        100,
        150,
        200,
        300
      ],
      "z_scores": {
        "cv": [
          -0.2509700682853442,
          -0.19776007795748116,
          -0.4295351743970748,
          -0.4730468372120151,
          -0.649766408731946,
          -0.7934345195003053,
          -0.8527343603245859
        ],
        "varlog": [
          -0.17866343191747303,
          -0.3082829502747023,
          -0.281934554625972,
          -0.370503259031263,
          -0.6520563361611531,
          -0.6667521478997996,
          -0.7933487736032659
        ]
      },
      "p_values": {
        "cv": [
          0.9466666666666667,
          0.92,
          0.7733333333333333,
          0.6266666666666667,
          0.5866666666666667,
          0.48,
          0.4266666666666667
        ],
        "varlog": [
          0.92,
          0.7466666666666667,
          0.92,
          0.76,
          0.4533333333333333,
          0.5733333333333334,
          0.4266666666666667
        ]
      },
      "significant": {
        "cv": [
          false,
          false,
          false,
          false,
          false,
          false,
          false
        ],
        "varlog": [
          false,
          false,
          false,
          false,
          false,
          false,
          false
        ]
      },
      "threshold_n": {
        "cv": null,
        "varlog": null
      }
    },
    {
      "recclass": "Ureilite",
      "full_n": 300,
      "sample_sizes": [
        30,
        50,
        75,
        100,
        150,
        200,
        300
      ],
      "z_scores": {
        "cv": [
          -0.7446594818595643,
          -0.9162757892576259,
          -1.2720515835250767,
          -1.3873907444233806,
          -1.4225108306973906,
          -1.495469940864175,
          -1.7755399557437097
        ],
        "varlog": [
          -0.5844213402935102,
          -0.6512972419687085,
          -0.8444187714234117,
          -0.8187700976199297,
          -1.208025295336026,
          -1.4510014814444505,
          -2.46633703839266
        ]
      },
      "p_values": {
        "cv": [
          0.5066666666666667,
          0.41333333333333333,
          0.18666666666666668,
          0.14666666666666667,
          0.10666666666666667,
          0.05333333333333334,
          0.0
        ],
        "varlog": [
          0.5333333333333333,
          0.6266666666666667,
          0.38666666666666666,
          0.44,
          0.21333333333333335,
          0.13333333333333333,
          0.0
        ]
      },
      "significant": {
        "cv": [
          false,
          false,
          false,
          false,
          false,
          false,
          true
        ],
        "varlog": [
          false,
          false,
          false,
          false,
          false,
          false,
          true
        ]
      },
      "threshold_n": {
        "cv": 300,
        "varlog": 300
      }
    },
    {
      "recclass": "H5",
      "full_n": 7138,
      "sample_sizes": [
        30,
        50,
        75,
        100,
        150,
        200,
        300
      ],
      "z_scores": {
        "cv": [
          0.04864216107913498,
          -0.1317613133197515,
          -0.47409687789957966,
          -0.4242377429545986,
          -0.43037540856549494,
          -0.4644768517528459,
          -0.6602922658465348
        ],
        "varlog": [
          -0.3521096621974804,
          -0.14650723597993745,
          -0.4800742844311501,
          -0.3522187222507207,
          -0.3344799504327807,
          -0.2917243268241308,
          -0.5144467026996106
        ]
      },
      "p_values": {
        "cv": [
          0.88,
          0.9866666666666667,
          0.7333333333333333,
          0.8133333333333334,
          0.8133333333333334,
          0.7866666666666666,
          0.72
        ],
        "varlog": [
          0.8133333333333334,
          0.9866666666666667,
          0.6666666666666666,
          0.76,
          0.8666666666666667,
          0.7066666666666667,
          0.64
        ]
      },
      "significant": {
        "cv": [
          false,
          false,
          false,
          false,
          false,
          false,
          false
        ],